{"cameraMode":{"drawMode":0,"name":"Shaded","section":"Shading Mode"},"sceneLighting":true,"audioPlay":false,"sceneViewState":{"m_AlwaysRefresh":false,"showFog":true,"showSkybox":true,"showFlares":true,"showImageEffects":true,"showParticleSystems":true,"showVisualEffectGraphs":true,"m_FxEnabled":true},"in2DMode":false,"pivot":{"x":-29.387832641601564,"y":-8.75131607055664,"z":-48.27845001220703},"rotation":{"x":-0.0008005206473171711,"y":0.9812797904014587,"z":-0.19259892404079438,"w":-0.004124808590859175},"size":36.25495910644531,"orthographic":false}